UserId,Predicted
1,995242 1074612 1082185 940947 856942
2,1106523 838136 1133018 826784 916122
3,9526563 1053690 6463658 1092937 910032
6,840361 1119051 1037863 845208 1024306
7,1082185 1013321 1022003 1106523 1122358
8,1116578 840361 1005186 1082185 1029743
9,995242 1029743 857503 1040346 937292
10,1082185 868764 15596488 900370 863762
13,6534178 923746 995242 1082185 1029743
14,981760 951590 1025611 1127758 995242
15,1082185 1098248 1070820 1029743 845208
16,1082185 923149 6410462 995242 6534178
18,6533889 948420 9677886 1116821 951412
19,6534178 844165 1033615 826249 879755
20,1058997 6534178 865330 1075368 1126899
21,1029743 1031864 6534178 934697 1096036
22,6534178 826249 1082185 1070820 944836
23,1075368 1034176 1005274 1076306 1138858
24,8203451 1036501 903230 1092026 844165
25,1135768 1029743 5568378 885863 995242
26,995242 9707137 1123792 833715 1021133
27,7409957 996425 959409 15927661 918733
28,926646 1005186 903567 6534030 916122
29,899624 872137 15831255 844165 839094
30,6534480 1051516 6534178 981760 859075
31,6534178 1082185 1040807 9526100 971922
32,908846 959737 901062 1003649 8293447
33,5590613 986912 5590695 5572738 6534178
34,993638 1044078 1000753 1004906 819063
35,6464165 5569230 1126899 1076056 1076875
36,5587133 995242 962229 865705 1029743
37,844165 6534178 1092026 1067695 1097001
39,1082185 1126899 6602697 1127716 923789
40,6534178 1056651 840361 995242 1047226
41,5995445 1044805 1082185 913210 865705
42,981760 976998 1082185 990440 839656
43,1120741 952163 6534178 844165 874736
46,826249 1082185 862335 1029743 999104
47,6533681 999858 883932 963727 1022003
49,6534178 1014915 831808 893501 1069268
50,908531 1082185 1133018 995242 1029688
51,962229 1101174 1029743 1028995 967395
52,995785 878880 850795 1088393 1082185
53,1031083 5569471 6034857 906335 1082185
55,849843 844165 15926886 988791 995242
56,1058997 981760 1056651 1068651 5569230
57,861615 931108 947147 1011141 869024
58,6534178 840361 1082185 1070820 1127831
59,847789 1056509 972931 912451 1082185
62,1082185 6534178 1029743 995242 1106523
63,1062572 1046545 6534178 1106523 1082185
64,1111839 894236 978965 976998 907014
65,1070820 986912 1082185 849843 962229
67,6534178 1133018 833025 1082185 951590
68,9527158 6534178 9526563 1085604 995242
69,824555 989075 1019497 951590 5592931
70,894236 1039156 1130375 995242 1133018
71,1056509 897954 844179 899624 995242
72,860776 961791 1077643 914190 1082185
75,707683 480014 6534178 545926 995242
77,981760 1003188 1082185 6979128 1106523
78,9573206 995055 9420312 849843 1082185
79,6533889 1082185 1070015 913598 1070820
80,1082185 1029743 1055504 995242 849843
81,844165 995242 999971 988460 981944
82,9297403 819308 1084036 12810464 5569230
83,940731 879393 1069312 1059902 1082185
84,1080414 1082185 951590 5569374 944139
85,1139782 854852 1021519 923149 995242
86,951590 865026 854852 820301 1055155
87,8293385 1083043 1080853 1082185 6534178
88,6534178 1082185 962229 929018 8090521
90,1082185 1070820 1019643 866211 1068719
91,6534178 1024833 1082185 1029743 989275
92,1008316 962568 845208 12946027 871061
94,849578 918684 6534178 1082185 1110843
95,848015 6534178 995242 849843 908531
97,981760 995785 6534178 995242 833025
98,862349 878302 942088 1018278 847241
99,1029743 854852 883404 1082185 824073
100,6534178 831536 947107 1068745 849202
101,6534178 866227 1133018 6533765 909894
103,1106523 1056775 16809471 961846 9485347
104,995242 1082185 1126808 1029743 930955
105,1139830 907014 1005186 995242 897413
106,6534178 993466 5569230 12171656 8090532
107,899624 1029743 1053690 859075 827180
109,1058997 840361 1070803 1082185 862682
110,5592931 1044078 1082185 6534178 1133018
111,1106523 5566809 981086 995358 1060705
112,6534178 933835 5569845 7139529 9527159
113,6534178 862349 968774 879635 1082185
114,1029743 5568489 929018 948670 7025203
115,6534178 908531 983584 963971 918598
116,1071939 914190 1014732 1104343 849843
117,1056651 862349 1082185 951590 852360
118,1058997 849843 1082185 935968 1048893
119,861272 908531 986912 1029743 5565664
121,6534178 1029743 1122358 989069 1044078
122,940947 1086119 866211 912704 1030362
123,849843 896617 981760 890610 1056509
124,892531 1037840 870547 963971 914190
125,844165 6534178 890689 868764 1092026
126,1096036 995242 1029743 981760 1004906
127,6534178 995242 908531 1082185 854852
128,840361 1015296 1082185 1062001 969932
131,981944 953134 995242 1055646 1082185
132,860776 1096036 1082185 1126899 999198
133,961554 962568 1082185 979707 866211
134,913210 935570 1051323 1130858 1029743
135,862349 852360 1046584 1082185 866227
136,8090537 8090521 8090509 865511 1133018
138,1082185 13841744 1070820 979707 1101706
139,6534178 1058997 879755 1082185 1005898
140,1037840 8090521 844165 1092026 1082185
141,1023720 854261 891141 964221 1033220
142,1074524 1013826 1082212 957420 997011
143,1043920 5569230 1106523 995242 844165
146,1101175 6534178 1082310 883404 995242
151,821695 948086 6602697 916122 995242
153,8011397 8011282 822677 1034499 8011285
156,6534178 1083254 1080414 13987135 1082185
157,1058997 919589 1131550 949294 838186
158,862349 1128240 12731714 1021519 1051989
159,994928 849843 923746 1004906 8205218
160,1005186 1070820 933835 1135834 833598
161,871162 868764 9677202 1098066 1123792
162,10456575 902856 1031906 13512060 1070820
164,883404 840361 1029743 970605 963971
166,1053690 935570 951590 1029743 1075368
167,956672 962266 833724 1072693 908318
168,880427 883003 15511891 1082185 1119051
169,6534178 1051069 839243 1099164 1082185
171,995785 987724 1044078 913210 1004906
172,6534178 6533765 1053690 849843 5569230
174,1133018 1050851 9527290 1082185 826249
178,1056651 925258 1085604 873627 963686
183,1118393 1106523 12757316 8090440 1042616
184,5584620 6534178 5589247 5585735 1056746
185,844165 883404 1082185 930917 1029743
187,983584 1082185 1123792 7410335 929726
188,1106523 1082185 6534178 1132770 849843
190,1110572 886996 833025 921744 1037451
191,995242 914190 1036347 1015785 6534178
192,981760 995242 1029743 5569230 1002850
193,6534178 8090537 1029743 1104205 990797
194,1119051 1082185 961554 951412 1051468
195,981760 1082185 1029743 7167836 1131382
196,1098066 1067011 1102456 1106523 6533765
197,9526770 898392 1126899 951590 9881593
198,952317 873627 870547 1106523 931324
199,859237 1005186 1082212 820301 1136524
200,863802 5568378 1108131 1037894 883404
201,1082185 5569327 6034857 5567502 838186
202,1029743 994928 1068719 1092026 1022003
203,830156 1029743 1131382 891752 5569471
204,844179 923670 872137 1070820 9911484
205,981760 1082185 1106523 1026118 5569230
208,6534178 1040781 1037863 885290 879504
209,6534178 10457128 898980 923746 849843
210,849843 879755 880423 1082185 1135768
211,878302 862732 962229 1082185 945662
212,995242 1082185 1096317 8090521 1072917
213,1082185 986912 6534178 1029743 995242
214,838258 896444 872729 1082185 1019643
215,895540 1024306 985999 1082185 916993
216,895540 866227 6533936 1090676 943169
217,6534178 986912 7441668 999104 895930
218,13842088 860776 962568 1115175 965772
219,981760 862349 1082185 854852 916758
220,951590 1029743 839419 912704 995242
221,1133018 915621 1082185 867188 1130452
222,1032549 901403 5586076 5588666 5585639
224,908531 995242 1082185 1074509 913278
225,1029743 907631 963336 1043663 1110244
226,995242 1095100 1082185 933067 6534178
227,919644 1116578 852317 898601 1104224
228,1095275 866227 5569471 1139782 1082185
230,5572828 941183 964813 13115903 1029743
232,6534178 923746 6533765 1029743 913210
233,5591154 1055283 992986 1122568 859427
235,6534178 862732 983584 1070820 976199
236,1075214 827999 1014948 1082185 893501
239,1120741 1133018 910439 1123792 1096036
240,995242 1082185 6534178 883404 1133018
241,860776 870515 995785 1119051 12301109
242,862732 883404 853643 1055646 1029743
243,6534178 860776 1117393 1126899 6034857
244,849843 1133018 1082185 1070015 870927
245,1106523 983584 972416 1132771 6534178
246,7409874 1070820 1082185 833025 952317
247,1133018 878445 1023958 1082185 8090537
248,6534178 1082185 1126899 826385 1029743
249,1053690 994928 1029743 965766 995242
250,844165 995242 923967 951590 1056509
251,1070820 907631 965693 848029 1040807
252,1082185 883404 6534178 1029743 844165
253,6534178 845193 951590 1062966 1106523
254,859237 1106523 862535 1122568 985866
256,862349 13008314 13007411 913490 934369
257,994928 1070015 985119 834833 1106523
258,1120741 995242 1123792 1082185 935968
259,10285141 5995281 1082185 1087605 1062128
260,859427 913210 12949855 912704 1082185
262,987562 1008814 1124971 1040807 971922
263,995242 994928 1082185 1029743 951590
264,934427 953134 1127831 6534178 1132771
265,1092026 961554 953476 1034499 929668
266,1082185 1126899 972191 981760 1104349
267,1101771 908213 935393 1106523 901976
268,995242 840361 1051283 1082185 951590
269,1069714 962229 1002459 1139782 1130858
270,1053690 1106523 1133312 940947 9420312
271,7025496 986912 7024927 849202 9835903
273,840601 883404 6979579 6534480 1106523
274,1106523 889774 1074499 982960 13671759
275,857554 1133018 6534178 1098066 849843
276,995242 6534178 847982 951590 1029743
278,883202 891505 1021416 895680 1137775
280,6534178 1082185 1106523 12731544 1044078
281,1070820 999104 854852 6534178 1082185
282,6534178 1056651 957736 909129 916122
283,826249 5995692 1082185 5569471 940947
284,1082185 1029743 6534178 1038462 995242
285,981760 995242 1107289 923746 849843
286,845208 940726 966684 1081177 832442
287,1033615 883404 1082185 837647 1029743
288,1055646 1082185 1026118 1070820 1005456
289,6533889 981760 962274 1082185 1104343
290,866950 952317 995242 9420312 995230
291,1132770 1039589 1058779 911311 1106523
292,1106523 933835 865705 893221 999971
294,860776 1133018 1082185 9245108 1106523
297,908531 1082185 859075 883404 12648296
300,932298 962229 1106523 835618 871756
301,898510 995242 1082185 923849 5565322
302,892531 1027168 5569327 10344586 981760
303,995242 6534178 1098066 909894 1082185
304,868764 10285141 873627 1029743 1082185
305,827802 6463727 1070898 6534178 995242
306,6534178 840361 995242 923746 961554
307,1029504 1013572 877447 1019637 869195
308,1049906 1110572 887102 1043837 5569230
311,1106523 1029743 989824 7442056 1082185
312,1082185 961620 830775 10121965 1024306
314,1030819 820560 1107089 1124674 979239
316,995242 1025611 1081177 1044078 995785
317,1029968 951590 913278 983584 1029743
318,962229 1106523 5569230 1021324 7025203
321,5580166 1126899 944836 1056509 822739
322,862349 1055646 923746 934156 940766
323,1082185 907631 6534178 852014 1029743
324,1082185 903325 1010681 9526100 920002
325,976199 1029743 995242 1082185 893501
326,1037840 8090521 1013928 1137346 982393
327,1082185 1098066 6534178 1029743 5567502
328,821083 1028816 1082185 1070820 885290
329,1082185 859075 1005186 934369 876548
330,1064892 995242 1074040 860975 13841744
331,1070820 5565322 1029743 5569135 983659
332,1065593 1082185 1070820 957232 1121384
333,983936 1044078 940947 981760 904360
334,1139830 826144 847982 1082185 1029743
338,1120741 1007195 860776 1133018 908846
339,1082185 1058779 1106523 896085 916767
342,1029743 1037965 832678 883404 835576
343,995242 866211 1048507 1082185 5568378
345,1003188 977545 1082185 1029743 6602697
346,981760 995242 883404 849843 1082185
347,5568729 940766 858373 1082627 1082185
348,6534178 903230 6533765 1096036 1029743
349,1082185 1126899 844179 1092835 976199
350,1085604 962568 885697 1110244 6534178
351,1133018 1082185 951590 894439 1106523
353,979707 866211 839656 909714 1022254
354,910745 1110793 866292 912137 6602440
356,6534178 1049735 947798 834117 882441
357,840361 999971 1126899 1122358 880150
358,937626 5568489 949294 5569230 1106523
360,5569327 5568378 1082185 1132770 1073150
361,1133018 826249 1014915 900770 1082185
362,923746 866227 889649 986912 900697
364,1106523 839656 1004906 825994 1082185
365,1082185 943169 1132771 953561 1136719
366,1012523 1092026 1065593 883404 1116460
367,839849 862349 860776 961554 1058021
369,1033615 959409 840361 988572 949965
371,840361 5590287 1033846 924610 1082185
373,937791 947858 831763 989101 1102959
374,923746 1037840 1029743 1108094 1081177
375,1058021 914190 1029743 8090537 8090532
376,6463658 1061220 849843 1033615 959409
377,860776 840361 995785 1082185 1029743
378,1005186 1082185 933835 954642 8119093
380,901403 953134 981944 1065593 826249
381,859075 1075368 1051323 1029743 1122358
382,1082185 823862 999250 961979 1069312
383,1126899 1082185 819840 8090546 1137688
384,995785 1061394 1077410 1075368 1068957
385,1082185 903325 5591520 1087102 1057260
386,868764 1095275 1092026 911470 849843
387,1100368 873527 902856 1082185 1126899
388,839849 1029504 10285144 995242 1029743
389,1058997 994928 10344585 1082185 921836
390,847753 951590 5569230 1072693 993638
392,1133018 12263788 1028473 903325 951412
393,972312 995242 999971 1065593 1013928
394,1063207 1026118 1029743 986912 1048068
395,1093030 1053690 5569230 926233 995242
396,1135460 1075368 6534178 1082185 1058997
397,6534178 883404 13842214 1015280 931255
398,6534178 1029743 5981072 1022097 1092026
400,6533889 995785 860776 826249 1098066
401,895540 1124729 1033615 827683 1082185
402,997907 13842090 13842214 853448 12171656
404,6534178 1110142 1092588 1003600 888275
405,860776 834484 1101010 948670 1087102
406,894236 1029743 5578547 862010 1127831
407,983584 989069 914190 1025641 820122
409,1090017 873527 7409971 1038443 1070820
410,1044078 1029743 871611 1082185 995242
411,860776 951590 1082185 1029743 1106523
412,1133018 1095275 849098 1005186 866227
413,6534178 860975 1082185 970160 12731544
414,1077143 6534178 1029743 1014999 940947
415,864893 6534178 995242 1082185 1029743
417,883404 995242 1082185 1029743 1127831
418,6534178 1003188 1134161 12263788 1082185
420,1029743 1057749 840890 1082185 6534178
421,981760 6534178 914190 1029743 995242
425,849843 969419 883404 988572 13945244
426,6534178 862349 1005186 1064892 1082185
427,981760 1082185 5569845 986912 825343
429,1029743 995242 1056509 904422 833025
430,953476 908531 843744 962229 932761
432,882441 955043 995242 1058779 835578
433,1089392 1082185 1106523 849003 1138854
434,1039781 1048462 934639 9837807 837751
435,5569471 5569230 8090537 8090532 909714
437,6534178 5586076 1053690 1105623 1082185
438,840361 1133018 1014802 873902 951590
441,1108854 976998 1123792 6602729 1038985
442,879755 1110843 6534178 1085604 1091365
443,8011397 862349 981760 1057260 5569230
446,954966 6463727 1044188 844991 1132198
447,1034499 847789 845208 1112766 995242
449,6534178 1029743 995876 1092026 1082185
450,836281 13842090 912146 13842214 995242
451,962229 1082185 1068292 1044078 1070820
454,995242 1023958 5569230 845208 1029743
457,995785 1070015 1082185 979707 1029743
458,1058997 849843 5569230 995242 1082185
459,1039682 986912 885290 863762 13007846
460,6534178 1082185 1127831 7025106 834484
461,1050851 1004906 897954 995242 883404
462,995242 1137775 1024306 7024871 1082185
463,6534166 838797 1046689 1082185 1106523
464,1041157 995242 865511 1029743 13877192
466,1025611 893018 1044078 12384775 895652
467,1082185 1106523 899624 911311 834484
468,1106523 908504 1098284 1019078 883404
469,968215 932006 862349 1082185 901062
470,6534178 995242 840601 966891 886803
471,866227 923746 1106523 993638 1082185
474,883404 1001148 1106523 866043 1103105
477,6534178 854852 883404 849843 870980
478,8203851 1082185 6534178 1029743 846823
479,1063207 1082185 1133018 962229 1085604
480,1047769 1082185 6534178 7025106 825618
482,910673 895166 1044078 1132770 844165
483,1071939 1106523 1122358 12695224 1118533
484,862349 946839 878775 7168890 1071759
485,6534178 995242 923746 837579 1082185
487,1113780 15831255 1082185 6534178 952317
489,6534178 1082185 986912 1022254 1019247
491,6534178 962568 6533936 1055504 1117514
493,6534178 834103 995242 1013321 911812
495,1029743 8090521 838186 12810391 1082185
497,1058997 8276172 1072968 1082185 921744
502,1135868 1029743 981760 961846 849843
503,895540 1073150 1082185 8090536 1070820
505,1132770 983267 7462562 7441498 908064
506,843346 1139493 1082185 995242 1043301
507,1014948 1082185 1008012 857554 1036501
508,883404 10285144 969205 1133018 1101010
510,1036501 1127831 1131115 833724 6534178
511,6534178 995242 925258 6533765 883404
513,873902 865026 1018740 1093413 5569471
514,5584645 1110843 1082185 961554 820165
515,985893 1106523 999714 1070702 1082185
516,1110572 1053690 844179 835098 1050229
517,1126899 904997 848471 6534178 834484
518,844165 995242 1102959 1082185 901460
520,7167218 913210 1029743 1104343 995242
521,908846 5568228 819840 1024306 8090440
523,6534178 894236 1056651 995242 1110572
524,1082185 1009046 1106523 930118 878996
525,1082185 6534178 1110572 869604 1011300
526,6534178 5569230 913210 834117 1029743
527,1096792 955075 12673243 933835 1131321
531,995242 981760 1044078 5569230 1075368
533,899624 995242 994928 1074405 826249
534,1117500 861272 995242 993466 1124695
537,1116635 1004436 827919 914190 1127624
538,1082185 1070820 1082212 1109948 906838
539,1058997 6534178 923746 1082185 860975
540,860776 995785 962568 993441 1082185
542,849843 1082990 1106523 1050851 824796
543,862651 9527223 1056162 949377 829459
544,1082185 8069118 1006184 933835 1085604
545,1070076 1046243 1082185 1119051 986912
547,1029743 1082185 885290 1122568 8177622
548,824073 1082185 1001333 854852 1098435
550,995242 849843 1082185 917438 835098
552,1069039 1106523 1088191 883404 899624
553,1036501 953476 1029743 951590 1040807
554,1082185 1106523 892531 946839 824180
556,1082185 1029743 6534178 883404 981760
557,819330 1126899 857503 1127831 1082185
558,995785 1106523 893018 844179 1044078
560,6534178 1003188 1082185 1029743 978343
562,1007136 1074333 1029743 965842 8090536
563,1029743 6534178 860776 923746 1082185
564,995242 6534178 1029743 1082185 962229
566,993638 1082185 6534178 986912 834484
567,1139830 1070015 1089766 986912 993638
568,844165 999971 995230 905817 985119
569,921406 970160 1029743 862535 12428017
570,1029743 1070702 1081177 1082185 1098066
574,995242 908531 883404 1013321 1082185
575,1126310 862349 1100410 9526730 855718
576,1082185 8011282 7466806 844165 8181477
577,1082185 841266 951590 1056509 827656
578,1012284 955075 847207 8090521 1127470
579,916122 1082185 993466 6534178 995242
580,981760 1077555 1056509 1118946 12731544
581,826272 886703 938849 908531 1002558
582,845715 1119051 5569230 854852 1082627
583,1076306 5569230 1058404 1056509 1092026
586,6534178 1092026 844165 861272 883404
587,849297 859426 6534178 962568 863449
588,6534178 5580793 1053763 908531 1053690
590,844165 883404 863447 1081177 6463775
591,981760 860776 826249 933067 1106523
593,921288 1065593 1106523 853998 5592931
594,1106523 1029743 957232 995242 999971
595,1098066 1082185 1106523 856060 865992
596,860776 834484 8090537 1106523 8090521
598,6534178 6533765 9553048 9553382 6034857
600,6534178 10285243 995242 1046587 5569230
602,844165 1098066 1029743 944139 1014948
603,1085604 6534178 834103 1124729 925514
604,1129671 862349 834129 1082185 7441668
605,6534178 931672 993441 1003600 1106523
606,1029743 845208 990688 1027372 1118479
608,1038462 1106523 1013928 977508 981760
609,1005186 5569230 6534178 952317 1133018
610,976199 1006184 883404 916381 1029743
611,6534166 953476 1029743 8177622 5568072
612,6534178 943233 868075 883404 1065593
613,951590 995785 962568 994928 1004906
614,903674 840361 860776 1082185 1029743
615,903674 833715 995242 1098844 883003
617,860776 1137176 1082185 10345155 979707
618,6534178 959409 934427 1070820 947798
621,977268 1098066 1112825 13506200 844179
622,883404 895680 1106523 986912 965766
623,934427 1014732 916122 1068719 999971
624,6534178 849843 1133018 1106523 844179
630,6534178 862349 962568 1082185 1070820
631,6534178 1043035 5586942 995242 927191
632,954642 1029743 916122 981760 6534178
633,6534178 1082185 8090537 1075368 1002787
636,912681 10457128 1123792 977499 1029743
637,833025 926905 15926844 1114811 883404
638,6534178 849843 1082185 1029743 1053530
640,1082185 1081355 1106523 6534178 883404
641,862349 860776 1065593 1028816 1082185
643,1055853 995242 872729 1093359 1029743
644,964327 1026712 899580 821083 1077975
647,8090536 951590 1043751 1029743 1040807
648,1033220 995785 1119051 903325 829645
650,6534178 1106523 995242 1082185 883404
652,866227 883404 995242 920844 1065061
653,6534178 995242 979707 854852 1056509
654,1031833 883404 1077555 1082185 1056509
655,1094955 1044078 901976 833940 6534178
658,995242 1070015 1029743 845675 1082185
659,1133018 929668 5569845 904236 844179
660,936924 1043787 1126899 953561 866211
661,995242 1110572 5569230 1004596 904359
662,1070272 916758 893018 1103105 1083446
663,1005609 866227 1082185 948190 1053690
665,7462562 1029743 850102 1131344 6534178
666,1043590 914190 1089066 1044078 844179
667,995242 1082185 1022254 1092303 6534178
668,847789 839849 820122 1058997 1017061
669,836393 1082185 951412 1126899 878996
670,6534178 981760 885406 1029743 899115
671,6534178 1022003 1038217 935284 951590
672,981760 849843 961554 983584 12949590
673,1082185 1029743 907631 836445 899019
674,826249 883404 1029743 911614 936914
675,981760 6534178 1133018 6533765 1096036
676,1085604 1080414 1124729 1107553 1070015
680,908213 824311 995242 1033615 892008
681,982360 5568378 850102 967461 1134483
684,1106523 8090545 999779 1082185 849843
685,948420 864143 895502 1015539 1097398
687,1037340 833723 951590 965766 1029743
690,6534178 849843 6533765 883404 962568
691,825365 8011397 1082185 13842090 923169
692,6534178 894236 862349 1067443 1119051
693,1029743 1044188 962229 1104349 1087102
694,995242 844165 826249 951590 1037840
695,6534178 981760 1039156 840386 945805
696,6534178 923746 1068258 1082185 931136
697,1082185 6602729 879445 841309 1057260
698,1106523 5568378 883404 1132770 1107289
699,923746 1058930 826249 1082185 962229
700,883404 1106523 1029743 1101010 1021116
701,981760 977545 5569374 5569230 835098
702,6534178 1082185 1029743 9835947 865456
703,1404121 6534178 1058997 995242 848669
705,7431990 862349 912112 1029743 1004945
706,6534178 923746 1070820 1029743 5569230
707,6534178 6533889 923746 1029743 965766
708,910439 1082185 976065 1029743 845208
709,860776 10344971 908531 879755 10345155
710,6534178 858478 5591038 1110572 1106523
711,1092026 12427353 1098284 12172240 995242
712,860776 900842 1082185 1070820 1056509
713,962229 1075368 957232 5569230 875392
714,16809471 1004097 1082185 1126899 944139
715,995242 909894 6463520 885863 1080414
716,1055646 1082185 1070702 916122 1058997
717,6534178 861445 986912 1087102 883404
718,1092026 1052325 1045109 1029743 6534166
719,1050543 1082185 895930 819978 933835
720,895268 1056212 5568758 863447 967205
721,1126899 906838 862732 890689 9396821
722,5586942 5584620 5585727 5588666 1082185
723,862349 1082185 1043920 1024731 878996
725,1058997 1098066 1133018 826249 1038217
726,1058997 9832070 12731544 995242 845208
727,923746 935126 830795 859075 847982
728,1070015 6534178 861445 1069039 1029743
729,6534178 1106523 1082185 995242 883404
730,993617 1058997 1126899 8293447 915617
731,847982 1029743 1082185 908531 6534178
733,966891 906502 1017041 947654 5569471
734,997309 6391381 970160 1029743 1005274
735,1082185 1106523 1072523 1043663 1092026
736,13115903 833715 13115548 13115493 962568
740,995242 1116821 1099945 6034857 1051516
741,6534178 995242 927191 1109598 903738
742,870980 882441 919644 917839 1106523
743,1118598 1050131 1053763 900491 845537
744,6534178 840361 1082185 903325 1056509
745,8203451 1077975 1082185 1070272 854852
747,1111230 1098066 967661 1021715 8090537
748,1106523 1133018 1037894 1108168 826249
749,1070015 1119399 1082185 1043095 1029743
750,844165 1133018 834833 883404 9527487
752,986912 12810422 1100972 862725 1082185
753,900145 1000908 1082185 5568072 1029743
754,1127624 1082185 986947 1126899 1036347
755,6534178 1058997 1091365 12782182 1137775
757,1082185 5569471 909894 986760 962229
759,1082185 906844 1117393 1028816 820165
761,6534178 995242 1133018 914697 905072
762,866227 862349 1011300 1005186 1091365
764,6534178 981760 1082185 1029743 878996
766,868764 954642 5584808 1051516 903325
767,1015781 1082185 8273950 1042571 1129709
768,860890 1100410 1126310 9526730 6534178
769,1106523 1029743 949142 8293447 1082185
770,6534178 1029743 5569230 5591170 995242
771,840361 1068651 953476 1104224 1022066
773,909714 835973 938300 6548453 9420181
776,995242 1082185 1029743 1101010 1040807
777,1028891 1070820 6533608 1029743 12782182
779,1071939 1057260 821083 1102959 6533362
781,926065 912681 918688 1001277 12946027
784,912681 861485 6534178 921288 5569230
786,981760 1133018 1096036 1082185 907647
787,863664 894236 1039156 7025114 1082185
788,6534178 6533765 849843 874255 928486
789,981760 922561 1024306 1042907 9420181
790,1070015 5995177 1100273 1139569 1028715
793,1133018 995242 13008321 947201 1048727
794,950638 865026 857503 1042907 1051211
795,1029743 9836106 1044078 1082185 844165
796,995242 993638 969866 1082185 1026118
798,13841744 978974 6463742 1126899 6534178
799,1058997 928754 1082185 970119 1126899
800,995242 1138132 989101 1005583 9677202
801,1082185 845208 9245106 5570408 965693
802,1082185 983584 1118946 996087 8357613
803,995242 962568 1082185 969866 1018769
804,1120741 999971 1053690 844165 1082185
805,868764 844165 1128900 1120741 6534178
806,868539 1029743 1082185 1056212 1126895
807,1049897 896444 5995503 961554 5995692
808,879755 1016800 1029743 1082185 6534178
810,1028816 993638 908846 1082185 962274
811,1029743 834117 5568378 866871 995242
813,1082185 6534030 1050851 940726 874972
814,1133072 12648296 985999 907631 1012587
816,1082185 1075368 1054539 5565925 901062
817,981760 923746 1082185 1070820 1092588
818,849843 893501 1082185 1029743 6602697
820,1124729 8090509 856060 1037840 1030093
822,911812 1005186 940947 995896 933060
823,1055646 835578 969836 883932 820321
824,923746 1046689 1106523 13115579 963971
825,1058997 6533889 1082185 915493 867469
826,989354 12384431 1037840 1112766 961620
829,995242 997506 1082185 834236 1018740
830,1106523 1082185 840601 1055646 991575
831,995242 937626 885406 957736 951590
836,851287 916993 1082185 1049735 1073150
837,1082185 5588666 5585735 5587133 5589247
840,1013321 883404 827802 1029743 1090884
841,870327 843944 1135681 883404 852015
842,6534178 844165 999971 1002558 1029743
844,840361 1082185 1026118 5566472 1027168
845,861272 1134732 8090537 8090533 885290
846,951590 1004906 837865 890695 1082185
847,1082185 1005274 1001827 1062128 1023720
848,1044078 1070820 1096317 873627 826666
850,995242 1128900 1007191 845109 923746
852,1058997 862349 1082185 1070820 1106523
853,6534178 1058554 6602729 1013807 970202
854,1132280 918335 834484 1123842 862488
855,1005186 1029743 916993 963868 13007846
856,994928 999971 995242 959409 1082185
857,8090537 5569230 922561 1071342 995242
858,1070820 1096635 849202 1082185 1124729
859,6395907 951590 1075368 5569230 5569471
861,1106523 899624 5585510 1132036 1082185
862,1038663 1103629 1053282 908318 987562
863,6534178 1029743 1119761 916122 1037337
864,981760 927191 883404 1096036 833025
865,6534178 1128647 1106523 899624 1008074
866,16809471 6534178 1133018 934676 908531
867,6534178 1133018 908531 5995597 1075368
868,6534178 930955 9884484 9487534 5569471
869,996444 895680 983000 5592931 1029743
871,1082185 979707 1029743 913210 878996
875,1082185 971983 1126899 6944571 1058997
876,6534178 1058997 840361 883404 1082185
877,981760 1058997 1113667 10456152 1126899
878,1133018 947798 1082185 985893 951590
879,6424447 903325 946995 862682 835530
880,951590 995242 6534178 1029743 1082185
881,987724 9884698 1029743 859010 1120741
882,10457128 1065593 1106523 1137775 1029743
883,995785 1082185 1051516 874149 9420181
884,986912 974156 5981072 1082185 5568378
885,1076875 923746 1020682 1006483 6904419
886,6534178 957190 868764 1078329 1070820
887,1133018 981760 8091550 950894 845109
888,892004 1100555 826249 1003188 1082185
889,6534178 12524323 1082185 921554 1126899
891,1133018 861445 825541 951190 1093571
893,1022843 1119879 9296965 957839 1106523
894,1081177 841309 1082185 874149 1108152
895,1008596 1081189 948478 828139 7024847
897,903800 829291 1082185 849843 883404
898,6534178 891542 893501 1057260 1028816
900,1107661 6534178 1133018 890536 986912
903,1005274 1126899 983584 878775 6034857
904,1106523 836445 1137688 871061 1082185
906,5587938 6773204 6533889 12330794 911974
907,981760 974306 840361 1077143 986912
908,1057260 1104343 1029743 916122 1068719
909,6534178 976199 1029743 1056509 9935616
911,8011282 927191 834484 1082185 1003600
913,1134810 994223 834117 1070820 1091858
914,1073150 1007136 1029743 862335 1128647
915,1043006 853354 1057260 1077555 1036753
916,480014 824193 1075368 968072 861279
919,1111839 1128647 987464 1029743 899201
920,6534178 999971 1061220 1097001 1082185
922,6534178 1058997 908846 1082185 1130581
924,995242 1029743 1075470 1121656 905636
926,6534178 981760 903325 12330794 1101706
927,1027090 986912 930118 1127831 965267
928,1005186 866211 824305 1082185 908531
929,1010190 6534178 1092026 883404 1070015
930,917033 1016800 850102 1050741 834484
931,866043 1029743 1042544 1082185 1096036
934,1133018 995242 953476 889319 1075315
935,6534178 1082185 863447 913210 1081177
936,908531 995242 1085604 962229 935578
937,5586642 5587043 5588238 1058997 961554
939,1092026 916767 839849 7440663 1082185
940,1123792 976998 1030093 1019637 1074040
941,6534178 6464166 9677236 916122 12384365
942,1014388 1015539 1029743 988116 13842214
943,13381584 1106523 5592931 940090 6533765
944,6534178 866227 1101010 951590 1132771
946,1133018 900072 849843 909894 1082185
947,1101771 866227 1014915 831808 873782
949,6534178 873527 1117336 833025 951590
951,977481 1029743 823704 6534178 981760
952,896369 1075368 856215 1001680 5586658
953,849843 1082185 877310 1029743 999104
954,6534178 1082185 995242 981760 1029743
955,6534178 1105623 1106523 911974 860703
956,849843 866227 6534166 903567 968936
957,10204488 898601 1011141 5592931 6534166
959,1051093 977344 10455984 1106523 845208
960,856166 1036347 886395 1070820 1053016
961,919596 1082185 1134161 1002771 1029743
964,8090521 8090537 1106523 1029743 1044188
965,12301100 5592261 944534 1132911 871756
967,879755 1082185 6534178 1029743 995242
968,916767 839094 1114992 849843 859075
969,1082185 1029743 940700 989249 883404
971,995242 895540 908531 1075368 919535
972,1107553 862349 866227 6534178 6632283
973,911812 1082185 921406 1009046 12731436
974,1106523 883404 1082185 1053690 874255
975,6533889 5569471 5569327 1027835 995965
976,1005186 1058997 977344 945273 834484
978,1082185 951590 1070820 1106523 1037965
979,6534178 995242 989101 1082185 903325
981,995242 1082185 6391497 901460 1092937
982,6534178 9677202 1112627 1082185 962229
983,1095275 12577242 1075368 1029743 913210
984,995242 1133018 1082185 908531 870780
985,962568 1082185 907647 1029743 1098844
986,849843 945372 873964 8090440 1029743
987,1070820 1034176 986912 1137775 1046756
988,6534178 1070820 1016800 988116 1112766
989,1089766 1029743 899624 883003 1122358
991,1026118 5585510 895268 1082185 901666
992,977166 5995597 909714 896369 1005186
993,995242 1082185 8293439 1101010 1024306
996,1133018 896938 1082185 13842088 953539
997,1070820 1019247 849843 10456575 10456371
998,6534178 849843 1082185 899624 1000753
999,860776 923746 1029743 983584 917033
1000,1133018 1112560 861272 1082185 1005186
1001,1119051 1135834 12301109 1098910 1051211
1003,904360 1082185 1133018 999971 945662
1004,10344971 995242 911502 1054262 1029743
1005,1133827 866140 1031492 883404 1039589
1007,1029743 995242 1133018 883404 1003600
1008,6534178 1072968 910473 1037894 951590
1010,6534178 862349 883404 1082185 953539
1011,1058997 1016539 1126899 951412 916122
1012,986912 1082185 8181477 1005186 1070820
1014,1007191 923746 1082185 911974 976199
1015,5585735 1005911 1082185 1037332 857503
1018,1036501 862732 981760 951590 1070820
1019,1106523 957736 1043663 6548453 905539
1020,995785 918390 1082185 977481 1070820
1021,1029743 1070820 10344585 1110111 1014948
1023,6533889 9859182 1062002 919423 963835
1024,847982 1043751 1097001 5569230 1056509
1025,8090537 1058779 846764 1128464 8090521
1027,1126899 899624 1132771 1040807 914318
1029,6534178 1082185 913449 1126899 885290
1030,1070820 934399 921504 15831255 995242
1034,1126899 934172 6534178 1082185 923208
1038,1120741 1132770 14050460 999971 870980
1039,1134522 1082185 951590 972665 1029743
1040,6396566 1093966 1082185 1075368 1126899
1041,849843 1005186 1127470 1029743 1106523
1042,6534178 893501 1036501 862349 1048352
1043,1082185 6534178 1029743 995242 1106523
1045,981760 873964 985893 1029743 1043663
1046,986947 6034857 1126899 13071902 1105488
1047,844179 899624 845208 995242 1110572
1050,6534178 994928 1044299 962229 1106523
1051,6534578 951590 1029743 865026 1137775
1053,1033220 976998 847270 1005186 834484
1057,5585727 1033913 1088147 1110843 1005186
1058,1038462 918046 1129049 898869 1132770
1060,13115579 5569230 8090521 1082185 995242
1061,6534178 844165 911215 1036432 923746
1062,984677 1116578 838602 1127624 919423
1064,1082185 958046 965766 866755 825176
1066,981760 989101 995242 1037863 986912
1067,883404 1082185 1126899 1029743 8090532
1068,1025611 999779 1044078 1096317 951590
1069,1029743 5569230 865456 989069 999858
1070,995242 6534178 1134398 7167945 856345
1071,882441 920308 1085604 995242 983078
1073,1058997 995242 968932 1082185 873627
1074,8011397 995242 904813 10344585 1029743
1075,1070015 909894 10149640 1029743 1074524
1076,1036347 1038663 999714 953561 1089954
1077,6534178 995242 951590 909338 937292
1078,6534178 1058997 1133018 834484 1082185
1080,1029743 899624 12384775 1068719 845208
1081,981760 1043064 857849 899624 1106523
1082,870980 917277 6534178 962118 1128698
1083,979707 1044078 864335 6534178 1133018
1084,953476 951590 6704207 1122358 907625
1085,6534178 7409957 883404 1082185 1029743
1086,1082185 1008074 844179 883003 971922
1087,6534178 995242 1106523 1029743 859075
1088,861701 1080414 865330 949616 1066289
1089,6534178 1029743 951590 849202 1006483
1090,995242 916122 1055646 989101 912681
1091,6534178 965766 5569230 1075368 1029743
1092,859075 13841744 1067779 912451 1014948
1093,845208 15831255 844165 1036347 833025
1094,1082185 951590 1029743 933835 1051323
1096,1082185 1125278 995242 6534178 1106523
1097,6534166 992622 857130 838186 8090440
1098,1017061 871162 1027874 6534178 1038443
1100,945662 6534178 976199 1107553 1085604
1102,866211 1044078 1082185 1106523 883404
1103,6534178 871754 1126899 862535 1075175
1104,1015280 901460 1113768 1115576 7025203
1105,1082185 995242 1133018 883404 6534178
1106,868764 995242 1082185 12757316 999971
1108,1082185 1057260 6534178 1133018 1029743
1109,862349 981760 1050229 1065593 1082185
1110,981760 862349 908531 843756 859075
1111,927681 1028816 969419 1038217 935796
1112,1002558 1010681 1082185 990688 6533889
1113,1028816 995242 1082185 1126899 916122
1114,1082185 1029743 8090513 8090521 12810393
1115,6534178 995242 871722 951412 5569471
1117,1106523 1051323 1001702 1099089 1082185
1119,995242 1082185 901460 940947 883404
1120,1023830 995242 1082185 10285141 981760
1121,1029743 5568729 1092937 966684 1082185
1123,981760 962229 5568378 1126899 870428
1124,1133018 1128647 879755 833025 1106523
1127,1029743 5569471 5569230 896085 995242
1128,989075 1050131 921406 5592931 995852
1129,1131620 858439 1037332 1126899 909714
1130,1039156 1133018 12731544 1106523 1137775
1131,892920 864893 1029743 992730 982469
1132,951590 1132770 938138 1025611 1101173
1133,1076875 981760 1029743 1098844 1038985
1134,1112825 1106523 1070820 897088 1051323
1135,1029743 1136719 995242 981760 908531
1136,1039156 1053690 847982 1106523 9835223
1137,920308 1023958 1058930 914318 885290
1138,870980 1120741 882441 15926886 1015539
1139,1082185 862349 903325 856942 1028891
1141,13841744 1029743 910673 15926886 910032
1142,6534178 860776 1127232 1082185 878715
1145,1106523 957411 986912 1037417 12648296
1146,6534178 985119 968932 959985 1029743
1147,951590 1106523 1016800 1124695 883932
1149,1082185 1026118 982469 848071 860776
1151,923746 893018 1136524 1106523 1122358
1152,951590 8090539 5569471 1110111 995242
1154,849843 1053690 1106523 1001333 841365
1155,883404 12301100 1082185 1133018 1096036
1157,951590 1070820 6534480 981760 1000672
1158,916767 6534178 1133018 1039589 825753
1159,1107553 10284946 1082185 8090532 1068719
1160,849843 1133018 947267 833025 1029624
1161,8090537 862349 824005 1082185 981760
1163,6534178 995242 840361 1082185 1029743
1164,972569 1059891 1069714 1093359 1077975
1166,6534178 1034837 995242 911915 886803
1167,6534178 1127624 1082185 1062002 8019977
1168,851515 1019637 1062128 1029743 995242
1169,1088835 844165 849843 1070015 859075
1171,1075368 995785 909714 986947 908064
1172,1120741 1053690 963686 1029743 911017
1174,1133018 917494 883404 1106523 1068719
1175,6534166 1082185 1028891 963365 962266
1176,1082185 6534178 1029743 995242 1106523
1178,992622 6464165 6534074 995242 6534178
1179,6534178 995242 908531 860776 962229
1180,6534178 849843 985119 1033615 923746
1182,979707 1106523 842392 899624 1044078
1183,1082185 6534178 1029743 995242 1106523
1185,996156 1106523 895930 1059902 1023958
1186,1082185 903800 1098844 1094924 5578547
1187,1133018 6979753 1038462 991951 931532
1188,1133018 1005186 883404 924610 1062966
1189,1007195 1106523 819840 1068292 969866
1190,1029743 12810393 1075214 1116635 1127179
1191,1082185 951590 5569230 890695 995242
1192,1098066 849843 1133018 5668996 859075
1193,1082185 8090537 1013928 8090521 1075470
1194,993638 1044078 1000753 995242 1096036
1195,1075368 8090521 901656 825731 914190
1196,919596 845319 820560 1070820 901062
1197,6534178 962970 985911 13842214 951590
1198,1054539 900586 1005274 879506 1024306
1201,8090537 907099 9527159 906335 6534178
1202,845208 872177 1048257 7025202 6534178
1203,905817 1070015 1082185 951590 1106523
1204,926905 917033 1106523 5587656 933835
1205,882441 994928 995242 1092026 1098066
1206,981760 826249 883404 1106523 1132771
1207,995242 1133018 1082185 967395 1065593
1208,845208 1106523 1098284 1082185 849843
1209,986912 1107839 1082185 1009770 6534178
1210,1082185 1070820 862349 944486 5585966
1211,6534166 9396705 1037631 918598 8065410
1214,1008596 1082185 989101 942045 6534178
1216,1065593 999625 5569230 946995 878996
1217,6534178 5580793 1106301 1029743 12384775
1218,1070820 1027168 1082185 849843 989157
1219,903567 995242 1098066 860469 1033234
1221,1082185 1029743 1019643 1004906 981760
1222,920724 951590 1106523 5570383 849505
1223,8090521 1021324 1106523 5569230 1137346
1224,935284 1065593 845208 14077333 9835903
1225,16809471 865330 949965 1106523 1092026
1226,915349 935796 1070015 859075 1082185
1227,840361 991592 841220 5747420 970619
1228,6534178 1005186 1133018 1088147 866227
1229,6534178 1033220 962568 979707 903325
1230,1082185 1029743 866172 1106523 1121393
1231,995785 1110142 1055646 1082185 1029743
1234,1043837 854496 885406 1042702 916990
1236,1092026 999971 8019716 834833 8090521
1238,995242 929668 1082185 890610 1029743
1240,6533889 860776 824005 1082185 6034857
1241,1092026 981760 1029743 5569135 862070
1242,1112238 825343 1082185 1036501 896369
1245,1111839 920308 6534178 860776 989354
1246,6534178 1082185 1126899 909750 971922
1247,981760 1009449 1082185 961554 1029743
1248,1022981 941183 903123 838733 951590
1249,7025106 1106523 969419 834484 916122
1252,923746 1062002 999104 872137 5568758
1255,845774 914754 986327 985234 1077555
1256,1122115 979707 1137688 842707 936355
1257,1082185 1126899 880253 874149 999090
1258,1051093 908489 950098 5569471 1051211
1259,1058997 1082185 1113588 916993 1102067
1260,1058997 840361 1082185 1051516 949257
1261,1126310 1100410 6534178 1034837 1082185
1262,1082185 1001148 883404 6534178 995242
1263,1132770 6534178 1016800 1029743 10198378
1264,839849 1029743 6979579 1134483 1083787
1265,1133018 995242 1082185 1054402 5568378
1266,7167249 913202 1124729 1133018 1071377
1267,13842090 862349 1082185 12171656 867931
1269,1057260 1029743 1082185 1031316 899624
1270,6464144 908846 1028816 835243 1082185
1271,896369 1038217 1082185 951590 1029743
1272,868764 905436 1076744 865330 1020729
1274,8090537 951590 1070820 6534030 1082185
1277,870980 882441 997907 1106523 1006483
1278,1106523 937292 1108094 916122 1082185
1279,898980 994928 966494 1092446 965766
1280,871433 846907 833556 950824 951746
1281,912902 1044078 825365 844165 1053690
1282,1111839 833715 905868 823758 951590
1283,950824 1031697 1071939 1112761 914190
1284,920308 1123792 1096036 15926886 951590
1285,899580 829459 907281 908531 1004585
1287,862349 1133018 1082185 854852 1130375
1288,903233 862349 999971 923746 1062002
1289,1085604 1110572 1029743 5569230 1055155
1290,1002558 1013321 1133018 1074524 1008673
1291,1082185 5591154 962229 988693 1126808
1293,1111839 999971 959409 969419 903230
1294,961554 1028816 962568 1082185 5591154
1295,1076875 995242 1029743 7410335 8090509
1296,995242 1005186 7467039 935578 13115579
1297,1133018 995785 1082185 1026118 1003600
1298,955043 902192 883404 859010 931255
1299,6534178 840361 902167 897125 1016129
1300,6534178 923746 1133018 962568 1082185
1303,6534178 8090539 1029743 8090521 1067749
1304,923746 1106523 1029743 871611 883404
1305,1092026 840361 1106523 983584 893018
1306,952317 1070015 1134522 951590 12301839
1307,1095275 906262 986912 1127831 1082185
1310,833025 916122 1091365 1051810 849843
1312,1127831 854852 5567502 5568378 1132198
1313,8090521 1029743 5592261 1127831 1082185
1314,6534178 976199 1029743 1050741 1102416
1316,1022003 1082185 962229 1137680 1029743
1317,1120741 1110843 1005186 5568489 1138292
1318,979239 820560 908846 1138487 963835
1319,5569845 7025094 880150 1057102 1082185
1321,1107661 1133018 892008 9527350 930917
1325,961554 903325 1098844 832001 1057365
1326,981760 6534178 883404 6533765 1038217
1328,1132770 931532 898980 844165 923746
1329,9553042 1024306 1098248 844179 12810391
1330,1133018 5569230 910032 1106523 987562
1331,908531 1029743 1106523 1031316 831063
1332,874736 1053690 1082185 997309 1112205
1333,5995491 908531 1096036 1082185 888586
1334,844165 883404 969945 907631 833025
1335,862349 1010681 835973 878996 1082185
1336,973861 908531 883404 1096036 833025
1337,6534178 1080414 952317 962229 1082185
1338,874736 839849 16809471 955043 1092026
1340,916122 849843 1058997 995242 6773215
1342,1024306 1102845 986912 1046816 936914
1343,1005186 1082185 6534178 1085604 1029743
1344,1082185 1029743 945662 995230 834117
1346,5574377 866211 5568758 480014 1082185
1347,1037894 1107553 925626 1089766 849202
1350,981760 849843 898980 883404 1037863
1351,1106523 1038985 1082185 860975 1133018
1352,6534178 935200 873782 915349 915493
1353,966891 995242 1017041 1057260 833025
1354,6534178 995242 1005186 1003600 9527159
1355,914190 1022254 1077555 871756 1013770
1356,981760 1070820 946839 1105917 1047769
1357,5582789 6534178 860975 866548 888476
1358,844165 1092026 995242 1098066 883404
1359,849843 990504 893018 981760 995242
1360,988208 9884698 971807 1082185 5591154
1361,951590 866211 878996 1082185 1029743
1362,921406 1024306 7168026 1127831 1065017
1363,1065593 1034956 1082185 1029743 862010
1364,862349 854852 1029743 999250 12731544
1366,5585635 1082172 922561 1101010 901062
1367,6534178 1076467 1018588 1082185 979707
1368,1023226 1082185 1070820 944137 1078652
1369,981760 866227 1119051 985889 1011926
1370,1077410 1061394 8090539 869868 8090550
1373,1110843 6034857 5585510 944137 1042907
1374,1088835 1043006 1133018 1082185 1106523
1375,981760 6034857 1082185 1029743 985889
1376,6534178 6534166 995785 871279 1029743
1378,5584027 8011397 8011282 7466806 8011285
1379,981760 6534178 1010190 862732 839094
1380,1029743 995785 911812 1048563 881883
1381,1106523 1082185 956672 1133018 6534178
1382,1029743 1106523 957741 1070782 906923
1383,1018588 1077975 909714 8177622 1003441
1384,882441 849843 1133018 1004906 880150
1385,953677 907014 883404 1112754 1029743
1387,1017369 1105917 854133 944534 960791
1388,1010190 1076875 1081189 1098066 1118281
1389,1058997 907014 935126 885290 986912
1390,995242 849843 1005186 1029743 5569230
1391,878710 6534178 860776 1133018 873627
1393,1082185 1119051 1051516 956672 901062
1394,860776 862349 1039682 1119051 1082185
1395,951590 8090537 6533608 1126899 880427
1397,883404 865569 1082185 1106523 918046
1398,844179 987234 995242 1072523 1107553
1399,905582 995242 1082185 6034857 1093571
1401,1044078 1043663 480014 6534178 1029743
1402,923746 849843 1106523 1082185 1133018
1403,5569230 1075368 5569845 5569471 819927
1405,5587502 1029743 844179 1056509 893018
1406,1082185 940700 1138443 982790 948298
1408,1029743 1037417 865511 1082185 995242
1409,1134522 1133018 908531 998558 1076608
1410,1029743 1031316 1026118 1082185 844165
1412,9677202 1082185 885290 8090539 1029743
1413,1051323 1029743 989354 969866 988693
1414,1126899 7025275 880895 1082185 849843
1417,835243 10198378 6533889 873964 903230
1418,1029743 956672 948670 933637 990797
1419,1070015 1085604 1019637 1106523 1044078
1421,6534178 981760 1053690 1096036 962229
1423,878445 6534178 5981267 13008334 1082185
1425,995242 908531 1096036 1000908 8090537
1426,1013770 1029743 8090521 5568378 951197
1427,826249 995242 1082185 960791 1043006
1428,6534178 995242 833025 976199 1029743
1429,1129576 1058997 919948 1031492 926909
1430,6534178 981760 9677202 1126899 883202
1431,1110572 998119 1021324 934399 948298
1434,883404 6979128 1082185 1075368 908283
1437,826249 1085333 1044078 854852 995242
1440,844165 1029624 999971 1133018 908531
1443,906844 819927 878285 945662 893501
1445,1068651 883404 6034857 909714 8090509
1447,6534178 966449 844165 1098066 826249
1450,6534178 1096036 833351 1082185 857006
1451,6534178 824005 1096317 1082185 1070820
1452,5584027 5590287 5585727 10457128 989101
1453,1005186 995242 1138189 949616 1110572
1454,6534178 834484 1082185 1029743 1045228
1457,987724 1106523 910673 863447 1044078
1458,6534178 976199 962266 874972 1105488
1459,995242 857130 948832 870515 934948
1461,6534178 936634 918368 1082185 1029743
1462,995242 1082185 1062002 890695 885290
1463,822677 9707137 10284946 909638 8090560
1464,908531 893501 1133018 923746 854852
1465,921406 976199 846833 878996 6391381
1466,1029743 9835509 854852 916122 1082185
1467,1080414 1085604 890536 1037894 1051069
1470,862349 6534178 995242 1082185 1070820
1471,1038684 6534178 926804 874736 1085604
1473,903325 1126899 938118 5568729 10344585
1474,1106523 948119 933835 832678 883932
1475,862349 6534178 981760 1057260 914190
1476,6533889 6534166 1058997 995242 823099
1479,6534178 995242 879755 883404 935959
1480,1093721 940726 1095700 1029743 995242
1481,1053763 951590 837644 834158 1068719
1483,5569230 864335 1082185 979707 883404
1484,1058997 840361 1082185 961554 1119051
1485,1106523 1075368 1056509 953561 1132771
1487,856515 851676 825882 940947 5569230
1488,6534178 923746 1110572 1082185 1126899
1489,6534178 908531 953476 826249 883404
1490,995242 969866 930118 8290421 939636
1491,981760 820165 834484 986947 1082185
1492,1029743 945662 901062 1082185 995242
1493,8090521 1106523 15831255 1040346 883404
1494,995242 1033615 883404 857849 838797
1495,855468 864143 1038745 1022254 969866
1499,14106445 963365 944486 845078 1137688
1500,1122358 1044078 1133018 1029743 987562
1501,6534178 1117500 1095275 860776 1082185
1502,1048849 916993 1085983 6534178 1082185
1506,994928 898980 866140 900418 959985
1507,6534178 879755 962568 873654 13841744
1508,981760 1058997 1122358 951412 1126899
1509,6534178 903800 1016800 1029743 5578547
1510,1055863 894236 1039156 6534178 1080414
1511,862349 1133018 908531 1108092 1058554
1512,1404121 1106523 943169 1057102 986912
1513,916122 1008673 1053690 1068562 13511722
1514,1082185 1081177 1006184 995965 1126899
1515,911454 1058404 5569230 1101010 971922
1517,862349 908531 1070820 951590 836286
1518,863447 1029743 825343 1082212 6424472
1519,1090017 995785 1067443 1070820 5569230
1520,877447 883404 1029743 15926844 5577022
1521,919644 5568228 1053690 940947 959316
1523,1029743 1082185 6534178 840361 994928
1524,6534178 1082185 5584620 1126899 1122568
1525,873622 844165 840361 849843 1033615
1526,1133018 894236 1110793 7166723 865330
1527,6534178 12731436 951590 1099164 963868
1528,6534178 844165 1053690 908531 13842088
1529,1069039 993466 907647 825749 9546982
1530,1029743 6548453 938300 936830 1082185
1531,10457044 1126899 1137688 916122 1404121
1532,868764 5569471 1082185 1024306 914190
1533,850944 971474 1113381 1082185 6391249
1534,6534178 1058554 850807 982799 1065303
1535,844165 1036432 1053763 1118598 972742
1536,15452677 10285187 6534178 10285149 8090532
1537,1106523 1029743 1043494 1042544 1082185
1539,824193 1082185 6534178 995242 1106523
1540,874736 1124729 911311 844165 883404
1541,1054424 962229 925626 1082185 940947
1542,821083 957232 1004906 935993 1044724
1543,1053690 1096573 1043494 1124029 995242
1545,1119060 1106523 972931 844179 6463775
1546,6534178 995242 893400 908531 873203
1547,894236 893501 6534178 1104224 995242
1548,822407 995242 1053690 953476 916381
1549,981760 1133018 849843 866227 917839
1550,959409 7167218 922907 999971 9707137
1552,1029743 997309 944836 1048462 7433888
1553,987480 1082185 6534178 1029743 995242
1555,1090884 844165 995242 1036501 890862
1556,995242 1096643 1082185 873887 13842088
1557,6534178 860776 12263788 1082185 1106523
1558,995242 1082185 1029743 1030093 1006184
1559,1053690 868423 1082990 895268 1106523
1560,923746 1029743 1021519 823704 995242
1563,1039156 951412 1029743 957951 1055504
1564,854852 6534178 995242 1082185 1029743
1566,6534178 995785 830568 895502 979707
1567,1082185 981944 953134 1026118 1106523
1568,923746 1133018 826249 883404 1106523
1569,878996 856827 12987975 1082185 995242
1570,1112825 979707 1105488 1085154 962568
1571,1062128 10285144 1103556 10355978 1027569
1572,1126899 15926844 9835509 1005274 833724
1575,862349 928092 1082185 939527 900802
1576,965693 849843 1029743 930917 840361
1577,1029743 6533608 5570048 843898 997796
1578,995785 1139827 1022003 873203 952781
1579,6534178 1005186 908531 1082185 951590
1580,882441 1132770 866950 1051305 9707137
1581,1029743 6463775 916122 1070820 1125391
1584,981760 6534178 1053690 902856 1028891
1585,6534178 13842090 929726 1082185 5569471
1587,1029743 899624 965842 1021519 6534178
1588,908531 6602697 6034857 9547021 878996
1590,1082185 969932 1028891 1070820 1123254
1591,6534178 6534166 995785 862139 850841
1592,6534178 1110764 1066893 6979526 1024032
1593,6534178 1029743 1033403 869728 1082185
1594,1106523 1082185 1004945 883404 6533765
1595,854607 1110042 1006555 971922 1137775
1596,861272 979707 1058404 921406 1042571
1598,995242 1085604 1029743 1063207 1082185
1599,840361 1133018 1043590 1002558 1115335
1600,6534178 1106523 1093413 1133018 894236
1602,860776 848319 1006483 1137688 1070820
1604,856772 1022003 832678 1051211 5569230
1607,8090521 5569471 5569845 5569230 5569374
1608,995785 860776 1082185 1106523 1137688
1609,9527158 6533889 861701 7168224 1082185
1611,1029743 1026118 1037840 8181555 934639
1612,6534178 7025106 1082185 1070820 854852
1614,1082185 1116050 1106523 981760 926065
1618,6534178 981760 1018050 1082185 7025114
1619,6534178 932179 1033220 1082185 5563693
1620,6534178 1133018 883404 1110572 9245106
1621,8119303 849843 1082185 1106523 856060
1622,1082185 928123 1031864 1062002 8205418
1623,6534178 999971 6533765 883404 1106523
1624,991379 1082185 986912 997309 1026118
1627,6534178 6533765 865330 1082185 1029743
1628,1082185 6534178 1029743 995242 1106523
1630,1128861 7409957 865026 8090653 1098284
1631,1120741 955043 826249 883404 1098066
1632,5585635 862349 1082185 1070820 1062002
1633,976998 1082185 951590 1028891 1029743
1634,1044078 5569327 944836 1070820 1082185
1636,883404 1082185 1106523 995242 6534178
1637,986912 971922 1014948 948298 1053282
1638,1058997 1098248 1024306 850058 926065
1640,1075368 1106523 8090532 8090521 966684
1641,1076875 1126899 854852 1084310 1125530
1642,1133018 1082185 1106523 845208 1070820
1643,1016800 868764 844165 1092026 6534178
1644,1082185 1106523 6534178 995242 883404
1645,1082185 6534178 1029743 995242 1106523
1646,1082185 981760 859075 983584 1137688
1647,887503 1082185 995242 1098066 6534178
1648,6534178 1082185 1106523 845208 983584
1649,1082185 1106523 6534178 870780 1133018
1650,903325 6034857 944137 854754 1137688
1651,954642 1035843 6034857 1104343 1055737
1652,1034176 5567502 844165 1138189 879948
1653,6534178 894236 910745 1110793 1055646
1654,1082185 830245 1034955 1011457 893501
1657,883404 1053690 916381 866227 1106523
1658,981760 7467039 885290 1006184 1070845
1659,968215 1041259 6034857 1082185 1029743
1660,827919 923746 1082185 1124729 873654
1662,919644 1053730 1126899 951412 880427
1663,6534178 1029743 9553042 1128665 926646
1664,868764 1098066 1065593 1135354 938431
1665,931532 989354 5568721 1037631 1098066
1666,1122358 1062863 12384775 1051394 893018
1668,1106523 872137 835098 1068719 871756
1669,1126899 857503 879506 1082185 867188
1672,955043 1098066 1132770 870980 962118
1673,1053690 1106523 863762 1082185 1036501
1676,1028816 1082185 6034964 1026258 903325
1677,981760 995242 1051637 5569845 1029743
1680,1053754 1126899 820486 869728 826249
1683,5569471 15926844 5574377 872137 893501
1684,1082185 1106523 9881593 1042544 1123022
1685,1082185 1005274 8293447 5570882 995242
1686,6919433 1005186 1022003 8359154 1017325
1687,908531 1082185 823099 832678 1126899
1688,883404 1029743 1028715 5569230 1139525
1689,866548 1133254 1000753 12810391 835300
1690,863447 951590 832678 9835223 934427
1692,1038217 1029743 1092945 6534178 999971
1693,838712 883404 1082185 1126899 1116741
1694,6534178 6533765 879143 977499 1070015
1695,1134483 996009 1026209 878234 989101
1696,1082185 860776 841228 843842 861615
1697,1029743 1016800 957839 1044078 965292
1698,1044078 5585510 930118 1082185 883404
1699,847982 993638 1089066 1043494 12757316
1700,5568378 941856 12301100 871756 972143
1701,1136719 5569230 5568378 1081177 6534178
1703,928555 870327 1057260 866177 1135868
1704,6424471 5592931 6424472 1132770 1044955
1705,1070015 6979427 6602697 995242 826249
1706,1082185 903325 859075 859010 995785
1707,1085604 861445 995242 13842214 908283
1708,1082185 951590 1029743 6534480 1017325
1709,873203 1080414 7166861 908531 995242
1710,6534178 1058997 860776 995242 1082185
1712,827671 5568721 848029 1082185 849843
1713,828867 1082185 923149 851188 13841744
1715,859427 1126899 1123842 951412 929433
1716,1085604 995242 12302069 1053282 5592931
1717,995242 1055646 899682 1116821 1029743
1718,5585701 1070820 1082185 962568 979707
1719,1106523 1103105 5569327 950206 849843
1720,1077359 951590 909714 916122 1070820
1721,12524174 1106523 999270 962568 909638
1722,6534178 999134 994928 1058997 897953
1723,1098844 922561 870559 965267 1040807
1724,1082185 824005 1106523 1126899 825313
1726,6534178 1082185 979707 872137 6391381
1728,826249 1098066 9296919 1029743 9419470
1729,1005898 858999 1092303 5569327 8290421
1730,6534178 6533765 1031864 1108168 1082185
1731,6534178 849843 895743 1082185 847982
1732,840361 1082185 1029743 883404 979239
1733,879755 1082185 1025611 986912 894439
1734,5568228 849098 6534178 1058939 1082185
1735,6534178 995785 995242 972931 951590
1737,5587133 5583944 5584808 961554 901062
1738,915041 923746 922847 1118033 819978
1739,1133018 1048462 1106523 962229 1053690
1740,1029112 1101567 1075368 1082185 12946027
1742,829459 938141 826249 864335 1019637
1743,1004906 8090532 8090509 890695 6534178
1745,988697 1085333 1106523 983584 871756
1747,6534178 962568 6979005 1106523 914190
1748,1072330 7441391 6534178 947798 1106523
1749,6534178 862349 1039549 1011645 1131488
1750,1082185 1029743 1075470 5568378 909714
1751,862349 927191 1053690 1070820 1082990
1752,1098066 1065593 985119 985893 951590
1753,879755 986912 6534178 1037894 1080414
1754,6533765 962229 1028715 1029743 1129610
1755,859075 951590 925862 916122 840361
1756,1106523 1092026 1075368 1082185 6534178
1758,849843 1132771 1126899 854261 896085
1759,896617 6534178 883404 888111 1082185
1760,1029743 906838 1004906 1082185 983584
1761,1133018 1082185 922127 932340 854852
1762,6534178 923746 908531 1004097 883404
1763,834484 1041259 1106523 1075368 1037840
1764,6534178 981760 962568 903325 1126899
1765,1070820 1043494 916122 1082185 844165
1766,947201 950824 916381 883404 7167249
1767,883404 953539 1106523 5569230 986912
1768,7410013 1105623 1096343 12946027 999858
1769,981760 995242 999625 1082185 1109778
1770,989101 1082185 979707 1029743 960791
1773,1011300 959179 1056509 5569471 834158
1774,848268 907647 8090537 889509 883003
1775,853756 1082185 1037332 5569471 1126899
1776,849843 1068562 1082185 1116821 1117514
1778,6534178 981760 938566 1081479 847344
1779,862349 1070820 845208 963365 1125391
1780,977508 1106523 1065593 981760 1103629
1781,1028816 1082185 930118 866871 934399
1783,981760 6534178 935008 1082185 1100728
1784,10121965 1082185 1126899 830503 979707
1785,840361 1110142 1082185 993466 1126899
1787,1119051 907128 839419 6979427 849843
1788,995242 1003600 909714 951412 1022254
1789,1044078 835530 957063 1082185 987562
1790,997096 828278 951590 913210 1082185
1791,995242 854607 845208 910673 916122
1792,1039156 898392 9526770 1075368 880888
1793,13210025 1106523 1029743 969866 1082185
1794,1106523 1102416 5569230 8090536 8090513
1795,862349 1085604 949616 890536 1082185
1796,6534178 1029743 965766 1003487 1116020
1797,981760 860776 862349 995785 1082185
1798,1082185 866211 1029743 987562 1093571
1800,1058997 908531 906658 1082185 7025094
1801,1116635 854900 6534178 1038217 1085604
1802,880000 1101653 885290 1017201 1117358
1803,1028421 850944 1005637 6979579 1138292
1804,6534178 995242 937626 1029743 1127831
1805,1005186 1063207 6551861 6534178 1082185
1806,857697 839094 1076875 1091365 1007136
1807,1058997 5572828 1055646 8090560 993638
1808,894236 1053690 1037840 986912 976199
1809,995242 12810393 1055504 1082185 1053690
1810,994928 976998 1098284 1029743 864893
1811,6534178 1106523 1135258 849843 999971
1812,1132770 923208 6534178 1082185 824073
1814,1059969 1029743 1028891 976199 865705
1815,6534178 995785 895502 1029743 1009368
1816,10285106 1070820 1029743 1082185 839094
1817,995242 993466 1043301 1005274 895930
1818,6534178 1129049 1056492 1029743 1082185
1821,849843 1082185 1106523 979707 983584
1822,1106523 1082185 1029743 1098066 1038217
1823,862349 1124507 848154 1071377 849843
1824,1106523 962229 983584 844179 854852
1826,824311 995242 1033234 922907 1022003
1829,995242 1082185 1135044 8090537 8203851
1831,6534178 1082185 909268 1131382 892314
1832,1082185 1022097 986760 920958 851865
1833,1106523 1029743 838186 874972 916122
1835,6534178 995242 7025106 1082185 1026258
1836,1082185 1058997 6534178 9296856 994868
1837,6534178 995242 957736 8090537 8019681
1838,5569471 5569230 7410342 849843 995242
1839,938690 1133018 875979 1040553 1106523
1841,994928 1062572 1022254 999858 872137
1843,1070820 1054567 1043971 840601 1010190
1844,916122 1012052 1037863 1031697 819840
1845,1082185 1003188 962229 13842090 1126899
1846,1133018 908531 1029743 5569471 839208
1847,862349 925258 1070820 951590 5569230
1848,6534178 908531 1005186 13842088 1082185
1849,1005186 995242 1074524 1029743 971807
1850,6534178 862349 995785 840361 860776
1853,1029743 981760 1043590 819765 862535
1854,6534178 1077975 909894 862822 1082185
1856,866950 866227 920799 978077 986912
1857,1031316 1029743 1009368 1092026 883404
1858,1058997 12782182 992986 837270 1057102
1861,1088835 1029743 1053730 1108131 981760
1862,1110409 1024306 854852 1082185 874149
1864,968215 923746 995242 1082185 903325
1865,862349 820560 894968 908846 1082185
1867,5569845 5569471 5569230 6533362 1092937
1868,825494 1106301 841228 1133018 981760
1869,5591538 940947 1126899 995965 5580166
1871,861792 847270 986947 854852 5568758
1872,6534178 13008334 12384779 1082185 1038217
1873,6534178 6533765 943233 931671 1082185
1876,1082185 6534178 1029743 995242 1106523
1877,8090440 1029743 983584 1122358 1037417
1879,976998 1077975 1133018 1070803 951590
1880,927191 827683 916381 1133018 847789
1881,6534178 995242 981760 1082185 12524174
1882,13511722 880888 1039781 1075368 1023958
1883,1108092 1058554 5995692 850841 8090521
1884,866211 983267 846823 820301 989069
1885,9835509 6534035 6533889 6534178 1029743
1886,912112 1065538 1082185 6534178 1106523
1887,7441498 1105488 1058997 908531 1039348
1889,1036347 976199 987044 1132771 840227
1890,820560 1082185 961554 9296804 1126899
1891,1082185 5577022 1055425 1033403 995242
1892,1033615 6979089 1093413 1044078 6533765
1895,1129049 1044078 1014948 883404 1133018
1896,834484 1082185 1075368 1037840 1029743
1898,908273 1036743 1082185 1005186 866540
1899,826249 1082185 1046689 951590 1122358
1900,1082185 940947 898847 1037332 1132771
1901,1005186 1013928 854852 995242 826249
1903,868764 1098066 6534178 1058021 1133018
1904,1058997 879876 1137775 6534178 1082185
1906,6534178 878445 995242 849843 1023958
1907,995242 6534178 943141 1133018 999971
1909,1139142 994928 866950 989075 1053763
1911,1044078 1038663 819927 6534178 849843
1912,964327 871252 1029743 904105 12302069
1914,1051069 9527350 1127863 1006573 9802981
1916,1133018 885290 1059994 969866 1070015
1917,863664 950557 1060567 1011645 916381
1918,1082185 1126899 845208 8090440 995965
1919,1133018 1065593 994928 1106523 1026118
1920,1019643 1127831 1137688 829323 1082185
1922,1058997 5588121 849843 5586076 1082185
1923,6534178 1082185 903325 1098844 901062
1924,995242 931672 908531 889649 965772
1925,1024306 1029743 6979089 901062 837270
1926,1037631 1068719 914190 926065 7410288
1927,930917 951590 1106523 5981074 5572738
1928,1085604 862349 908531 843744 983584
1929,981760 929668 943393 951590 1021116
1930,1082185 1128016 1122358 902172 846417
1931,849843 923746 1082185 1048727 1106523
1932,1082185 12262778 1076875 1010190 6534178
1935,6533889 1127863 1006573 819227 9526770
1936,962229 1029743 844179 6534178 1085604
1937,860890 900418 1082185 824642 983936
1939,6534178 1130763 859075 1031083 833025
1940,860776 995785 1082185 1137304 1026118
1941,1133018 1089766 1106523 1075979 1044078
1942,839656 5569230 1106523 896613 5585510
1943,883404 1033615 947798 1029743 985893
1944,6534178 1056651 1082185 1070820 849578
1945,981760 881917 883404 839419 1029743
1946,923746 1082185 1070820 10344585 1037332
1947,1082185 1126899 1097635 993466 919423
1948,5586658 1123792 5578643 6602590 916993
1949,864335 1044078 5592931 1127831 962229
1950,883404 1126895 921504 1081177 1131321
1951,1082185 1127831 822785 1135768 850841
1952,6534178 1029743 944534 1098248 896613
1953,1119051 1050851 993638 5585510 916122
1954,1026118 1084036 1019247 1082185 962568
1955,989101 1133018 992870 1082185 1063739
1956,920308 1070820 1126899 951590 5569374
1957,10121965 1055646 1082185 962229 8177622
1958,1053690 824005 903325 1082185 981760
1959,866548 929018 896085 954966 6544236
1960,862349 839656 1070820 825343 1044078
1961,849843 1031864 982790 1106523 893018
1962,6534166 976199 1056509 1112825 1094924
1963,995785 834484 859075 903325 979707
1964,857055 979707 870428 1002771 862732
1965,1058997 866227 908531 1082185 9884484
1966,1045150 820165 1082185 7025106 944317
1967,860776 961554 1129822 1029743 6534178
1968,989157 1082185 1090676 1122358 1082212
1969,873964 1029743 1081177 1044078 995242
1970,1029743 1043920 6533765 6534178 883404
1971,1029743 1014509 1097001 12757140 6534178
1975,6534178 840361 995242 849843 1082185
1976,8160319 976998 999971 1082990 1106523
1978,1082185 1059236 1029743 961756 970792
1979,1133018 908846 995242 1082185 1106523
1981,968936 860776 1082212 1126899 1053282
1982,6533889 5582789 5586942 5588121 5585635
1983,866211 1029743 5569230 1024306 1098248
1985,840361 1098066 944466 1082185 962229
1987,6534178 1082185 995242 1106523 883404
1988,6534178 840361 908531 1106523 903325
1989,948420 6534178 866227 1082185 898847
1990,12263788 1098066 1082185 1029743 1126899
1991,1077851 882441 6534178 1056746 941183
1992,1057260 1042438 1050741 923746 1043064
1993,991951 6534178 1133018 1016800 7167836
1994,1091365 913210 981760 1053690 909249
1995,6534178 923746 1082185 1029743 1106523
1996,1126899 926905 6034577 823775 854852
1997,6534178 1058997 821083 991575 1126899
1998,874736 867667 1065593 827683 1133018
1999,995242 935968 820165 847982 9926758
2000,9296856 947146 1050851 916122 1068719
2001,981760 1082185 912704 995242 6534178
2003,1058997 5569471 10344585 1018339 6602729
2004,995242 1039156 8177622 819978 934399
2005,971325 951590 1068719 1098066 819978
2006,893501 5584007 1082185 860776 1133018
2007,6534178 981760 883404 961554 1082185
2008,936830 885290 1126899 5570383 913210
2010,962229 1090793 1082185 16809471 1092149
2011,893501 962522 1065593 916487 1006184
2012,6534178 882441 920308 1133018 1053690
2014,995785 1029743 5592931 1082185 999971
2015,981760 905436 883404 1082185 940947
2016,1088835 1132770 1113588 1127624 1051516
2017,5584027 6534178 5585727 5585735 1082185
2018,1009449 1103741 1015296 1068562 1082185
2019,995242 1085604 953476 883404 833025
2020,895540 971949 1044759 1029743 986912
2021,1111839 981760 870933 951590 856060
2022,1082185 1029743 854852 1098844 906335
2023,5569374 852856 1011457 826249 15927661
2025,6534178 1029743 940947 976199 1082185
2026,1095700 923746 916122 995896 1096036
2027,995242 1082185 834484 923746 849843
2028,1045220 882190 5568378 895295 5569230
2029,892728 1137387 1081177 825749 1127831
2030,840361 1082185 968936 5569471 1029743
2031,1038745 1082185 995242 1133018 1120741
2032,883404 1070820 1038985 1060408 6534178
2033,6534166 5567502 995242 981760 859075
2034,995785 1058997 6534178 1082185 903325
2036,919828 1067849 1082185 993466 1126899
2037,994928 1082185 1070820 1029743 1068719
2038,849843 844165 840361 1029743 950206
2039,883404 1082185 1106523 1029743 6534178
2040,1085604 1029743 6534178 883404 1080414
2041,6534178 923746 1127264 1008814 983267
2042,892004 923746 1126899 1029743 933835
2043,849843 1061220 1053690 1106301 998119
2046,986394 1053690 1110572 879755 1082185
2047,6534166 8090537 1106523 933835 914577
2048,6534178 1106523 8090537 1075368 9881593
2049,12457047 1004950 992985 1058404 854852
2050,13841744 857503 1096036 6534178 923746
2055,819765 990984 851865 1041259 997309
2056,1133018 962229 1106301 1106523 8090521
2057,6534178 913210 1043494 1082185 849843
2058,860776 903325 872137 12731436 901776
2059,1023958 5569230 1126899 1074333 1031316
2060,5569230 1090931 1029743 986912 999858
2062,1026118 1022254 1029743 948384 1082185
2063,1082185 1022254 885290 1090676 5577022
2064,1005186 1041259 962199 1006483 1081177
2065,882830 8090521 1029743 852015 883404
2068,862349 1022003 1082185 1070820 1137688
2070,6534178 994928 1055863 834103 1080414
2071,999971 1004906 1001475 933835 1044078
2072,1082185 6534178 1029743 995242 1106523
2075,1053763 826249 1065593 949023 1029743
2076,981760 1051093 6534178 1090017 908489
2077,982989 9297403 1082185 1106523 848319
2079,912681 923746 1028816 1106523 1026118
2080,8090521 1044078 1082185 981760 1098066
2081,927191 1106523 998666 12263449 1044078
2082,6534178 1029743 832678 9365106 995242
2083,862349 6534178 1005186 7410248 1082185
2084,6534166 1110142 1082185 6034857 981760
2085,6534178 844165 860776 983795 962229
2086,868764 1127141 1107553 834484 6919433
2087,6534178 1085604 860975 1029743 1137688
2088,9245413 893501 833723 962568 847049
2089,1126899 1102829 9575582 1082185 6534178
2090,847789 5567502 1014948 1098066 6534178
2091,1082185 995242 844179 1076146 1096036
2094,5585727 1057260 1082185 1070820 5569374
2095,6534178 6463658 6533765 951590 1068719
2099,1098066 1029743 854852 6534178 995242
2100,1106523 1082185 1117514 844165 1022003
2101,1098066 849843 983584 1029743 883003
2102,995242 1055646 962229 1082185 940947
2103,972312 1125278 1082185 1057260 1029743
2105,1133018 1056762 1082185 1106523 1005186
2108,923746 1082185 957232 1106523 1029743
2109,1033615 981760 893018 1000736 8065410
2110,925514 1082185 6034857 1098844 1026118
2111,6534178 1126899 1058997 1082185 908531
2112,1055646 1082185 1082212 5585510 1029743
2114,1005186 1082185 885290 907099 986912
2115,6534178 1013321 883404 826249 1082185
2116,981760 1122547 12263788 964520 916993
2119,961554 870547 1029743 12757140 1082185
2120,480014 1106523 6534178 1082185 1029743
2121,6534178 1057260 995242 1082185 13008321
2122,1082185 1106523 845208 1044078 914190
2123,920978 840361 995242 826249 5569230
2124,6534178 5584645 5578494 840361 5587043
2125,6534178 911812 1029743 997309 883003
2126,868764 1082185 948495 833724 909894
2129,995785 859075 1029743 5569471 1050851
2130,1082185 1106523 899624 1068719 872137
2131,981760 965766 986912 1029743 993638
2132,866211 990797 1082185 995242 1133018
2133,6534178 1058997 840361 1082185 904105
2134,10284972 1006573 1098844 865705 844179
2135,870515 6534074 908846 836393 6534178
2136,1058997 981760 1082185 901062 1007269
2137,6534178 883404 860975 1082185 920844
2138,893501 1053690 1029743 883404 882441
2139,989409 1029743 875392 1040807 1101932
2141,1120741 951590 1070820 983753 999714
2142,883404 1082185 830156 1029743 6533362
2145,866211 951197 944137 1127831 1117514
2146,991592 1106523 1029743 849870 944836
2147,840361 961554 1082185 906658 1051516
2148,981760 1133018 932182 951590 913210
2149,6534166 1082185 849202 1106523 1114811
2151,849843 995242 962568 923746 5592931
2153,1092026 13841744 1029743 901460 1004906
2154,1133018 883404 1106523 6533362 6904666
2155,904422 849018 1126808 935968 1082185
2156,995242 892221 1109516 965982 913210
2158,862349 914190 8290421 6534178 873203
2159,923746 849843 1038745 888543 5592931
2160,1070702 12262978 12262778 953539 1082185
2161,826249 1053690 961554 951590 890610
2162,6534178 908531 983078 995242 6395907
2163,908531 9338009 862349 1082185 970119
2167,1106523 1082185 910291 1092948 959985
2168,916381 1096036 1101173 847982 8090521
2169,1082185 1126899 920724 5585510 883003
2170,6534178 883404 1013928 5569230 1037840
2171,9526886 983078 826249 1060269 861272
2172,1029743 1033142 849202 995965 837304
2173,13842088 951590 1062002 913210 1118033
2174,866227 999971 878234 1124729 1005186
2175,1082185 1106523 10150194 990797 6534178
2176,1098066 883404 826249 1036139 10198378
2179,883186 872137 1082185 1088835 1111839
2181,1082185 9187298 1009187 1126899 1110111
2182,8090556 839656 882604 1082185 1107553
2183,6534178 981760 1082185 916993 909268
2184,6534178 981874 1070015 1106523 5592931
2185,5566309 972665 1116096 839656 865456
2186,1085604 1008625 8090521 1075368 899624
2188,6534178 1133018 819978 1106523 933835
2189,1082185 1062002 13841744 913210 1029743
2190,6534178 1133018 994928 908531 962229
2193,1082185 8090537 1070820 1055504 1005274
2194,995242 6534178 995785 1082185 1081177
2195,1058997 1082185 1000237 1126899 1055504
2196,995242 981760 1082185 1027835 999104
2197,1102959 1007269 5569230 1021324 5569471
2198,6534178 995242 883404 1054954 13842214
2199,1058997 6534178 929668 962568 906658
2200,1092026 923746 1133018 1082185 844179
2202,7462562 918046 1404121 1082185 1097001
2203,981760 1029743 951412 5568732 6534178
2204,10457128 5591038 834484 833025 1044078
2205,954077 885463 895540 1070015 1082185
2206,857697 1029743 1121410 995242 969463
2207,995242 997200 915349 986912 1043494
2208,981760 995785 1081479 5569230 1106523
2209,822677 6534166 981760 1027874 1029743
2211,1082185 1126899 6533936 1126045 1058997
2212,1118393 1117059 1055863 1082185 6534178
2213,1000237 1024306 1022254 866871 1098248
2214,8090532 919534 1082185 1029743 1011300
2215,1075368 1128240 890695 1112205 1082185
2217,6534178 840361 5995596 905340 1022254
2221,900610 1082185 1126899 1022340 996009
2222,5569230 1070782 826385 995242 896085
2223,1103105 910673 941856 1108654 834103
2224,862349 1110843 1082185 1070820 923670
2225,866871 5569471 856345 872137 970202
2226,1110843 1056509 1106523 1082185 6534178
2228,1037840 1001333 883404 1098066 8090537
2229,862349 1051093 1057260 880253 968774
2231,981760 945273 1082185 1126899 5981267
2233,1058997 6534178 857849 908846 1046756
2234,6534178 866227 997309 1082185 854754
2235,857130 976199 969866 12427353 14106445
2237,1058997 908531 883404 942817 1040371
2238,849843 991379 1131550 877337 856060
2239,999971 1029743 10285144 908531 995242
2240,12456375 5568378 951561 1044188 1106523
2241,1029743 8273833 1082185 914190 995242
2243,854920 1139651 7025202 971922 1029743
2244,837107 1022872 1108131 907631 5569327
2245,825618 951703 995785 951102 1082185
2247,995785 1110843 883404 1106523 1065538
2248,1091520 9926758 827919 859075 965766
2250,1024306 1094308 957063 6534178 1082185
2252,916767 6534178 1092026 1027874 995242
2253,915041 1101449 990440 1065593 866140
2256,976199 866871 1051211 1070820 5588666
2257,1106523 1104349 1116376 1029743 1001277
2258,1126899 1095040 9526624 833940 7409974
2259,995242 6534178 883404 1082185 1133018
2260,6534178 1014915 1069268 10285187 10285149
2261,6534178 965719 1082185 926905 983584
2262,1019247 1122358 1128016 1082185 1043095
2263,975644 995242 849843 1082185 5592931
2264,1058997 840361 1082185 1126899 995965
2266,6534178 862349 967476 845715 1028816
2267,1071277 849843 881047 923849 1126899
2269,826249 951590 935578 12301839 844179
2270,985119 831536 1034290 1082185 922561
2271,995242 909894 986912 1058997 1032950
2272,6773016 1045586 1037863 1104343 827656
2273,998373 895540 880427 934948 867547
2274,1009449 1028816 831712 8205218 1101010
2275,1077703 883404 1092026 1014206 1082185
2276,1106523 1050851 1082185 849843 1054424
2277,1053690 1097001 1132770 882441 999971
2278,863447 901062 951412 922127 1082185
2279,8090537 844165 868764 12263788 1053690
2280,6534178 862349 908531 883404 5569230
2281,1082185 970030 6034857 1126899 6534077
2282,1028816 1082185 1070820 903325 1098248
2283,6534178 1106523 899624 844179 1013597
2284,981760 866227 1011300 824005 1082185
2285,6534178 1059891 824005 1134633 857503
2287,1082185 938566 934369 1029743 971922
2288,1126899 7464370 872342 1082185 1058997
2289,1066725 9802643 1029743 1082185 995242
2290,827656 1029743 1076467 844165 1092026
2291,986912 1127470 1023979 952317 1098066
2292,916767 955043 6534178 883404 826249
2293,1082185 1070820 1127831 6534178 1038985
2294,923746 995242 1082185 5569230 1029743
2295,6534178 950206 1068719 6533681 847789
2296,981760 1013321 883404 961554 938700
2297,1127758 12731544 1082185 834484 857006
2298,995242 956609 1029743 966348 9469110
2299,1124674 1107089 1091858 834491 981716
2300,1013321 1082185 903325 10344585 1029743
2301,1029743 1057749 932340 910032 845078
2302,995785 883404 962568 1029743 8090532
2303,1029743 1127831 6039687 1002771 1057102
2305,995242 908531 1082185 890610 1069039
2307,1082185 12524323 883003 1138443 8359154
2308,1029743 892314 1068292 854852 857006
2310,1077975 1081177 896613 916381 995242
2312,840361 880310 1110843 1082185 903325
2314,972569 1059891 908346 1093359 872729
2315,1082185 6534178 1029743 995242 1106523
2317,995242 834484 1082185 1029743 944836
2319,1037840 5569230 912817 1081177 8019977
2322,1057315 1082185 1044259 909714 901656
2323,6534178 1076875 1082185 1053690 1005186
2324,1057260 907392 819227 1082185 934369
2325,1082185 6534178 1029743 995242 1106523
2328,981760 951590 1082990 1106523 948086
2330,6534178 1082185 1029743 1106523 8090536
2331,840361 859075 833025 1082185 1029743
2333,827683 985893 862349 932503 923746
2334,1036501 1065593 1102416 951590 892573
2335,995242 838602 12302069 1029743 1082185
2336,1029743 13115579 833025 909396 845109
2337,1120741 999971 1082185 1097398 1067695
2338,5591154 1106523 1082990 1026118 1082185
2339,995242 883404 1082185 1133018 1029743
2340,6534178 1048893 969687 1033142 9245462
2341,5995423 1118393 1065593 833025 1098284
2342,995242 5587133 6534178 1029743 866548
2343,895540 6534178 856060 1029743 6534480
2344,6534178 1097815 1075827 833351 8090537
2345,1053763 995242 964968 1004436 849505
2347,6534178 995242 1101173 1082185 1029743
2349,6534178 994928 1082185 1070820 1116741
2350,1029743 949965 910032 1082185 6534178
2351,6534178 995242 1056651 1089392 821083
2352,1133018 1082185 826249 962522 1003600
2354,981760 860776 1082185 970030 1126899
2359,1077703 1106523 960732 6534178 883404
2360,995242 6534178 889649 824005 1029743
2361,821083 1095068 1126899 898121 902172
2363,1070820 9420140 1053530 6602697 944137
2364,6534178 981760 995242 883404 1082185
2366,6534178 995242 859010 1004906 913210
2368,1056509 1024306 981086 995242 868764
2369,951590 1029743 940766 8090440 842140
2370,981760 1070015 987562 1070820 1110409
2372,927191 1082185 1029743 982469 995242
2373,883404 1029743 1404121 6534178 1106523
2374,1073150 1048462 1070820 1041796 1081177
2375,923746 1133018 899624 1079023 989069
2376,6534178 862349 905436 10285187 1082185
2377,6534178 861272 1096036 1055168 13189726
2378,995242 883404 1129576 1118787 828867
2379,1058997 1002558 1137688 860248 854405
2380,825618 6534178 951703 951102 995242
2381,1077143 1011645 1133018 1065593 849843
2385,6534178 879755 1029743 6533765 873550
2386,6534178 835973 936792 887342 1082185
2387,962229 940947 844179 848029 914190
2388,1106523 982469 1133926 890455 1071554
2389,1029743 12946027 893018 995242 1082185
2392,1050131 1053763 1133018 1068719 965766
2393,982989 1051878 944836 863447 907099
2394,906838 988791 5568729 908318 6534178
2395,1022843 923746 1041157 9835619 5569230
2397,1082185 5569792 865026 1116770 1064380
2399,1106523 993638 849843 6534178 1029743
2400,6534166 1138189 1085333 947798 1106523
2401,1082185 12524174 1106523 845208 5585510
2404,1082185 6534178 883404 5668996 995242
2405,6534178 995242 6533765 1082185 1091383
2406,1082185 1126899 910109 878996 5569374
2407,6533889 1038746 1039156 1038443 1082185
2408,962229 1082185 1138443 1029743 908318
2410,923746 995785 1082185 1106523 5569230
2412,844165 1092026 1133018 1053690 1082185
2416,6534178 840361 9677202 9521679 1034176
2418,863664 1005186 1029743 922318 9245108
2420,1043590 1022003 951590 1106523 1068719
2421,1058997 881154 1082185 934369 903325
2424,908531 1038217 1043563 920367 916993
2425,6533889 1029743 1133254 5569845 5569230
2426,900418 844165 1058404 1029743 1044078
2427,981760 6534178 1082185 1054539 856252
2429,1106523 1076875 835243 995242 860776
2431,8357613 1082185 1044955 905539 849843
2434,1096036 1131344 995242 1033615 972931
2435,995242 908531 899624 1029743 1081177
2437,1082185 885290 1070820 8090536 901062
2438,5703832 1107553 8090556 892531 5592094
2439,1126899 849003 1058997 1022254 908531
2440,6534178 1070015 6533765 1096727 1043590
2441,1082185 995242 1023958 908531 898121
2442,849843 860248 1126899 866211 5592931
2445,6534178 5587938 1110572 913278 995242
2446,6533889 962568 962229 1044259 938118
2447,1107553 883186 944137 1127831 1082185
2448,1054402 1106523 993638 7168058 835098
2449,1058997 12263788 979707 1082185 6979803
2450,6534178 862349 1082185 1096317 1070820
2451,1058997 895070 1023226 1082185 903325
2452,844165 985119 949023 5568378 1137387
2453,1053690 1082185 1136719 976199 1070820
2455,883404 983795 5569471 1029743 1102416
2456,1099089 873527 995785 1058997 968774
2457,1106523 938118 854852 901062 1082185
2458,1058997 874058 970030 965842 1126899
2459,6534178 6533765 995242 918638 1082185
2460,5569471 5569230 5568378 907631 944486
2461,909714 1110409 866871 1082185 908489
2462,1011645 900072 950557 961554 6034857
2464,1070820 872137 1082185 1014802 862349
2465,994928 856252 986912 10344585 8065410
2466,1118598 824555 845537 1029743 1059902
2467,1036501 1073150 1058997 865891 1070716
2470,959076 821083 1025650 819840 7168224
2471,13008321 1062002 1058997 867668 935968
2472,1029743 1082185 1122358 1063577 1081177
2475,862349 7025114 5569471 1070820 1082185
2477,1058997 10285243 844165 840361 1098844
2478,1107289 1001148 965766 902172 1082185
2479,981760 908489 937737 1082185 951590
2481,6534178 883404 1082185 1029743 934399
2482,8090521 1004906 12949855 833025 1038217
2483,863449 846241 995242 849843 871279
2484,6534178 927191 883404 1106301 873964
2485,976214 5569471 944249 12695224 893501
2486,1133018 1082185 1022003 1029743 6534178
2488,6534178 972665 1119051 911017 834117
2489,1082185 1048727 1068719 1029743 5592931
2492,883404 1003188 1106523 912004 5569230
2494,1071939 1004906 8119157 969568 1082185
2496,1106523 5569230 1056509 916122 1082185
2497,860776 995785 1066685 896938 965719
2498,1082185 1022066 1070820 1126899 1106523
2499,5570048 1060872 1070820 5568378 5569327
2500,6534178 1058997 1082185 5566235 1065538
